instance,N,M,p,backend,mode,LB1,UB1,T1,gap,iter,nodes,Ttot,opt_known,status
toy1.pmp,4,4,2,gurobi,full,6.0000,6.0000,0.013,-0.000000,3,1,0.023,6,OPTIMAL_MATCH
pmed1.pmp,100,100,5,gurobi,full,5819.0000,5819.0000,0.011,0.000000,6,223,0.063,5819,OPTIMAL_MATCH
rw12.pmp,12,12,3,gurobi,full,15.0000,16.0000,0.001,0.062500,5,11,0.008,16,OPTIMAL_MATCH
pmed2.pmp,100,100,10,gurobi,full,4088.5000,4116.0000,0.017,0.001099,6,479,0.103,4093,OPTIMAL_MATCH
pmed3.pmp,100,100,10,gurobi,full,4240.5000,4250.0000,0.006,0.002235,6,327,0.065,4250,OPTIMAL_MATCH
pmed6.pmp,200,200,5,gurobi,full,7783.5000,7867.0000,0.022,0.005176,6,632,0.160,7824,OPTIMAL_MATCH
